﻿{"cameraMode":{"drawMode":0,"name":"Shaded","section":"Shading Mode"},"sceneLighting":true,"audioPlay":false,"sceneViewState":{"showFog":true,"showMaterialUpdate":false,"showSkybox":true,"showFlares":true,"showImageEffects":true,"showParticleSystems":true},"in2DMode":false,"pivot":{"x":2.9374213218688967,"y":-19.6152286529541,"z":6.093864917755127},"rotation":{"x":0.4679970443248749,"y":-0.14252935349941255,"z":0.07677767425775528,"w":0.8687745928764343},"size":26.820106506347658,"orthographic":false}